<application>
  <component name="FileTypeManager" version="17">
    <extensionMap>
      <mapping pattern="ProOnboardingNextV2View.php" type="PHP" />
      <mapping pattern="import_order_whitelist" type="PLAIN_TEXT" />
      <mapping pattern="2019_06_invites_for_updated_targeting.yaml" type="PLAIN_TEXT" />
      <mapping pattern="20190926_drop_src_broad_match" type="PLAIN_TEXT" />
      <mapping pattern="feeds" type="PLAIN_TEXT" />
      <mapping pattern="taylormilliman_authorized_keys" type="PLAIN_TEXT" />
      <mapping pattern="OWNERS" type="PLAIN_TEXT" />
      <mapping pattern="2019_12_geo_targeting_usability_v1.yaml" type="PLAIN_TEXT" />
      <mapping pattern="PromoteTargetingJobPreferencesEmpty.json" type="PLAIN_TEXT" />
      <mapping pattern="MarketActivesServicesPKController.scala" type="PLAIN_TEXT" />
      <mapping ext="env" type="PLAIN_TEXT" />
      <mapping pattern="MarketActiveServicesPKController" type="Scala" />
      <mapping pattern="MarketActivesServicesPKController" type="Scala" />
      <mapping pattern="2020_05_edit_targeting_preferences_phase_0.yaml" type="YAML_EX" />
      <removed_mapping pattern="GeoTargetingMenuView.php" approved="true" type="PLAIN_TEXT" />
      <removed_mapping pattern="GeoTargetingMenuView" approved="true" type="PHP" />
    </extensionMap>
  </component>
</application>