<application>
  <component name="ParameterNameHintsSettings">
    <blacklists>
      <blacklist language="TypeScript" />
      <blacklist language="Java" />
      <blacklist language="Scala" />
      <blacklist language="JavaScript" />
      <blacklist language="Go" />
      <blacklist language="PHP">
        <removed pattern="" />
      </blacklist>
      <blacklist language="Groovy" />
      <blacklist language="Kotlin" />
    </blacklists>
    <option id="scala.apply.update.hint" value="true" />
    <option id="scala.references.names.hint" value="true" />
  </component>
</application>